{
    "overall": {
        "mse": 1.4806609153747559,
        "rmse": 1.2168241102865918,
        "mae": 0.9311908483505249,
        "direction_accuracy": 0.08313397129186603
    },
    "Regime 0: High Vol. Bull": {
        "mse": 1.30841863155365,
        "rmse": 1.1438612816043954,
        "mae": 0.8739849328994751,
        "direction_accuracy": 0.10493827160493827,
        "samples": 324,
        "percentage": 19.37799043062201
    },
    "Regime 1: High Vol. Bull": {
        "mse": 1.0685075521469116,
        "rmse": 1.033686389649642,
        "mae": 0.8091086149215698,
        "direction_accuracy": 0.06584362139917696,
        "samples": 486,
        "percentage": 29.066985645933013
    },
    "Regime 2: High Vol. Bull": {
        "mse": 1.9552032947540283,
        "rmse": 1.39828584157676,
        "mae": 1.0710985660552979,
        "direction_accuracy": 0.10039370078740158,
        "samples": 508,
        "percentage": 30.38277511961722
    },
    "Regime 3: High Vol. Bull": {
        "mse": 1.5231602191925049,
        "rmse": 1.2341637732458788,
        "mae": 0.950381338596344,
        "direction_accuracy": 0.062146892655367235,
        "samples": 354,
        "percentage": 21.17224880382775
    }
}