{
    "overall": {
        "mse": 1.4936332702636719,
        "rmse": 1.2221429009177576,
        "mae": 0.9364677667617798,
        "direction_accuracy": 2.0234375
    },
    "All Data": {
        "mse": 1.4936332702636719,
        "rmse": 1.2221429009177576,
        "mae": 0.9364677667617798,
        "direction_accuracy": 2.0234375,
        "samples": 1664,
        "percentage": 100.0
    }
}