Feature,MSE,RMSE,MAE,Correlation
Feature_1,1.9635702,1.4012746,1.137241,0.023001871496595647
Feature_2,1.9432923,1.3940202,1.1129584,0.2822265709235322
Feature_3,53.102676,7.2871585,6.665647,0.20406365783138017
Feature_4,34.29757,5.856413,5.6728187,0.10645540531271962
Feature_5,9.927469,3.1507888,3.0916526,0.23771158685563215
Feature_6,9.310482,3.0513082,2.927811,-0.1613094187060353
Feature_7,7.6744294,2.770276,2.6443417,-0.631763950511331
