{
    "price_accuracy": -0.027601118520206847,
    "volume_correlation": -0.41275913980656054,
    "returns_stability": 0.16091766953468323,
    "volatility_prediction": -0.42706737625261276
}