{
    "price_accuracy": 0.07326493522826781,
    "volume_correlation": -0.3418708333025069,
    "returns_stability": 0.5690042972564697,
    "volatility_prediction": 0.6182205453681114
}