{
    "overall": {
        "mse": 1.4901049137115479,
        "rmse": 1.2206985351476212,
        "mae": 0.9362713098526001,
        "direction_accuracy": 1.9753605769230769
    },
    "All Data": {
        "mse": 1.4901049137115479,
        "rmse": 1.2206985351476212,
        "mae": 0.9362713098526001,
        "direction_accuracy": 1.9753605769230769,
        "samples": 1664,
        "percentage": 100.0
    }
}